val_loss,loss
[3.572900389134884],[6.135377177054076]
